5948ae3b-d279-422d-9fb0-a13ebf1dbeb8,accountNumber,description,2017-09-08 14:49:46.693,description,description,description,description,description,description,description,description,description,description
9e893e73-f020-4f71-a2e8-7f8b89f0dc63,accountNumber,description,2017-09-08 14:49:46.695,description,description,description,description,description,description,description,description,description,description
1f39d920-4dc5-4909-89fe-138700f2375c,accountNumber,description,2017-09-08 14:49:46.695,description,description,description,description,description,description,description,description,description,description
35841047-347b-4417-bfc6-f2c1b3ada77e,accountNumber,description,2017-09-08 14:49:46.695,description,description,description,description,description,description,description,description,description,description
b78849aa-b524-407c-b4b8-cdb4b6768b89,accountNumber,description,2017-09-08 14:49:46.695,description,description,description,description,description,description,description,description,description,description
632941e3-3918-4641-a5a8-4df1e83147b5,accountNumber,description,2017-09-08 14:49:46.695,description,description,description,description,description,description,description,description,description,description
a0cec76a-e309-4c09-84c2-cae2ce96b6a2,accountNumber,description,2017-09-08 14:49:46.695,description,description,description,description,description,description,description,description,description,description
4b07e122-0f83-4f81-8d24-c3e8d65be7ea,accountNumber,description,2017-09-08 14:49:46.695,description,description,description,description,description,description,description,description,description,description
a04c2696-e37f-4ec6-9a29-226e555670ab,accountNumber,description,2017-09-08 14:49:46.695,description,description,description,description,description,description,description,description,description,description
6acb79ac-ef09-4c98-89d3-5ab72597031d,accountNumber,description,2017-09-08 14:49:46.695,description,description,description,description,description,description,description,description,description,description
6e2979fb-7ec3-4db1-9cf4-6f8aba01c262,accountNumber,description,2017-09-08 14:49:46.695,description,description,description,description,description,description,description,description,description,description
610c04b5-57da-40b3-8e82-d3494ca9a4ef,accountNumber,description,2017-09-08 14:49:46.695,description,description,description,description,description,description,description,description,description,description
c6a5392c-6e52-41d0-9f14-4f7b19b4f70d,accountNumber,description,2017-09-08 14:49:46.696,description,description,description,description,description,description,description,description,description,description
1fdfd5e3-f225-4381-9695-6cb48da0f914,accountNumber,description,2017-09-08 14:49:46.696,description,description,description,description,description,description,description,description,description,description
cfc266d2-76b7-4522-8fba-2f8f5cbb58ac,accountNumber,description,2017-09-08 14:49:46.696,description,description,description,description,description,description,description,description,description,description
7229e08e-62d3-40bb-95ab-c324e84904a0,accountNumber,description,2017-09-08 14:49:46.696,description,description,description,description,description,description,description,description,description,description
74c9573f-94ff-4577-b70e-5b4b66b05ee9,accountNumber,description,2017-09-08 14:49:46.696,description,description,description,description,description,description,description,description,description,description
a99a25eb-e7f8-4f5d-a44a-b3a80a3517e5,accountNumber,description,2017-09-08 14:49:46.696,description,description,description,description,description,description,description,description,description,description
7494f6d7-0281-41a6-9e40-758ed2b2912b,accountNumber,description,2017-09-08 14:49:46.696,description,description,description,description,description,description,description,description,description,description
e918a4ca-1def-4665-8763-ed028869b8b3,accountNumber,description,2017-09-08 14:49:46.696,description,description,description,description,description,description,description,description,description,description
510da326-6633-4b36-afc1-7dd3a3a77568,accountNumber,description,2017-09-08 14:49:46.696,description,description,description,description,description,description,description,description,description,description
605516f1-628e-424a-9ded-31dc747c5b17,accountNumber,description,2017-09-08 14:49:46.696,description,description,description,description,description,description,description,description,description,description
e97b774c-ee80-4adb-b734-d7c17fe55c73,accountNumber,description,2017-09-08 14:49:46.696,description,description,description,description,description,description,description,description,description,description
a6b6c77b-08d4-4d7c-98c0-4d8236e03d07,accountNumber,description,2017-09-08 14:49:46.696,description,description,description,description,description,description,description,description,description,description
ecd88f6a-2487-48af-ae25-79172a84a1e3,accountNumber,description,2017-09-08 14:49:46.696,description,description,description,description,description,description,description,description,description,description
ffdc9a85-242d-4d21-9119-797b41cebfcd,accountNumber,description,2017-09-08 14:49:46.696,description,description,description,description,description,description,description,description,description,description
12ad97aa-bcfb-4738-bc86-7c5a1f97659b,accountNumber,description,2017-09-08 14:49:46.696,description,description,description,description,description,description,description,description,description,description
77159575-2f3c-4314-b9af-18430b77e020,accountNumber,description,2017-09-08 14:49:46.696,description,description,description,description,description,description,description,description,description,description
ec134746-7e4a-4423-8f76-9eb748daf12f,accountNumber,description,2017-09-08 14:49:46.696,description,description,description,description,description,description,description,description,description,description
dabb8a88-a4ad-4d00-87d6-f7346efb4576,accountNumber,description,2017-09-08 14:49:46.696,description,description,description,description,description,description,description,description,description,description
a7e3e0fe-26ba-4ab1-94e2-de01e3040fde,accountNumber,description,2017-09-08 14:49:46.696,description,description,description,description,description,description,description,description,description,description
010fd03a-6d6b-476f-a700-b12bf8989c88,accountNumber,description,2017-09-08 14:49:46.696,description,description,description,description,description,description,description,description,description,description
99782bdb-b798-4481-952f-f6396ae8d892,accountNumber,description,2017-09-08 14:49:46.696,description,description,description,description,description,description,description,description,description,description
e3bdd815-42de-43f3-b76f-0d3cbfc21235,accountNumber,description,2017-09-08 14:49:46.696,description,description,description,description,description,description,description,description,description,description
3c8eb2c7-ac71-44ab-9f7e-10f0d8874113,accountNumber,description,2017-09-08 14:49:46.696,description,description,description,description,description,description,description,description,description,description
c302d34d-9249-4682-8393-fb993ed7880d,accountNumber,description,2017-09-08 14:49:46.696,description,description,description,description,description,description,description,description,description,description
8ff25b80-fb10-49a8-96f1-2267277cf2cb,accountNumber,description,2017-09-08 14:49:46.696,description,description,description,description,description,description,description,description,description,description
cb6382e7-ee5c-4869-9653-8ba2841707a4,accountNumber,description,2017-09-08 14:49:46.696,description,description,description,description,description,description,description,description,description,description
1228acac-937d-4dc5-bdd9-58d526d17c84,accountNumber,description,2017-09-08 14:49:46.696,description,description,description,description,description,description,description,description,description,description
49c5d9d6-e613-4399-98f3-47bc4b80c15c,accountNumber,description,2017-09-08 14:49:46.697,description,description,description,description,description,description,description,description,description,description
85456f95-a1db-4838-bc9d-f07d32415e4f,accountNumber,description,2017-09-08 14:49:46.697,description,description,description,description,description,description,description,description,description,description
368c86ee-ed46-4791-a4a6-04f666b5c711,accountNumber,description,2017-09-08 14:49:46.697,description,description,description,description,description,description,description,description,description,description
986c2412-11cb-49d5-9ac1-f8d70ea230c9,accountNumber,description,2017-09-08 14:49:46.697,description,description,description,description,description,description,description,description,description,description
4d1a9072-9ea1-4eb4-afd3-5ef4f8df7e69,accountNumber,description,2017-09-08 14:49:46.697,description,description,description,description,description,description,description,description,description,description
8cb17be7-5d78-43bc-8c0a-1b8f4d1f644f,accountNumber,description,2017-09-08 14:49:46.697,description,description,description,description,description,description,description,description,description,description
1c5bbadb-49a9-45da-ae11-534a974480ce,accountNumber,description,2017-09-08 14:49:46.697,description,description,description,description,description,description,description,description,description,description
30114de3-31da-4dbc-8ce0-4db6d6d7252d,accountNumber,description,2017-09-08 14:49:46.697,description,description,description,description,description,description,description,description,description,description
94357a18-6b48-43e8-9aaa-33c8da2fb927,accountNumber,description,2017-09-08 14:49:46.697,description,description,description,description,description,description,description,description,description,description
970d6f55-664a-437b-88d5-8edd4160e7a6,accountNumber,description,2017-09-08 14:49:46.697,description,description,description,description,description,description,description,description,description,description
9f2fb549-d86f-4cf9-956b-9bd3921a1cff,accountNumber,description,2017-09-08 14:49:46.697,description,description,description,description,description,description,description,description,description,description
c10c4cb3-9003-43e7-b4e2-6fc0e4be94b4,accountNumber,description,2017-09-08 14:49:46.697,description,description,description,description,description,description,description,description,description,description
0cd9b6ce-731e-4357-a2b0-d34458a3369b,accountNumber,description,2017-09-08 14:49:46.697,description,description,description,description,description,description,description,description,description,description
03a7315b-8df2-4cb4-8fd3-c674aa1ea01f,accountNumber,description,2017-09-08 14:49:46.697,description,description,description,description,description,description,description,description,description,description
d7f13838-5c73-470b-9eef-23806114ab03,accountNumber,description,2017-09-08 14:49:46.697,description,description,description,description,description,description,description,description,description,description
13a052c1-c322-47eb-9f0d-8ff02d34aa32,accountNumber,description,2017-09-08 14:49:46.697,description,description,description,description,description,description,description,description,description,description
ee8bc287-7818-4f99-ae7c-0adebb4ca1f5,accountNumber,description,2017-09-08 14:49:46.697,description,description,description,description,description,description,description,description,description,description
80f78181-5f16-4f63-acda-e29c737da9ef,accountNumber,description,2017-09-08 14:49:46.697,description,description,description,description,description,description,description,description,description,description
b1da9736-4a09-4740-85f4-b71d12ba97d0,accountNumber,description,2017-09-08 14:49:46.697,description,description,description,description,description,description,description,description,description,description
f6a8d7d1-ca08-44f8-84f3-985c5b57822b,accountNumber,description,2017-09-08 14:49:46.697,description,description,description,description,description,description,description,description,description,description
00d42473-b88d-4013-ae9e-2f8027b2bc45,accountNumber,description,2017-09-08 14:49:46.697,description,description,description,description,description,description,description,description,description,description
f5fba496-5fc9-4128-b7e1-eb20ef2d9e44,accountNumber,description,2017-09-08 14:49:46.697,description,description,description,description,description,description,description,description,description,description
fcfbb9aa-477b-4b5c-8ca7-f7e7c3d9400d,accountNumber,description,2017-09-08 14:49:46.697,description,description,description,description,description,description,description,description,description,description
92038311-4255-41bb-82b0-e9a0e3b5f80d,accountNumber,description,2017-09-08 14:49:46.697,description,description,description,description,description,description,description,description,description,description
48502842-e670-4aa0-aac7-534d13b44a0b,accountNumber,description,2017-09-08 14:49:46.697,description,description,description,description,description,description,description,description,description,description
7e118201-bf07-40e2-921f-c7b34c76a669,accountNumber,description,2017-09-08 14:49:46.697,description,description,description,description,description,description,description,description,description,description
ffbcf886-66c0-40b8-ba41-df9054ec071e,accountNumber,description,2017-09-08 14:49:46.698,description,description,description,description,description,description,description,description,description,description
4e3450bd-aff6-419a-b2d0-ebaa4ab855e8,accountNumber,description,2017-09-08 14:49:46.698,description,description,description,description,description,description,description,description,description,description
a1059c6c-3f56-420b-98fa-4a576025cfaa,accountNumber,description,2017-09-08 14:49:46.698,description,description,description,description,description,description,description,description,description,description
b92866da-201f-4a4a-a54e-de3065be02b3,accountNumber,description,2017-09-08 14:49:46.698,description,description,description,description,description,description,description,description,description,description
71cc9da2-bff9-45bf-819c-6e283530cd36,accountNumber,description,2017-09-08 14:49:46.698,description,description,description,description,description,description,description,description,description,description